<?xml version="1.0" encoding="UTF-8"?>
<GenRun Id="impl_1" LaunchPart="xc7z010clg400-1" LaunchTime="1761911976">
  <File Type="BITSTR-BMM" Name="systembram_wrapper_bd.bmm"/>
  <File Type="OPT-METHODOLOGY-DRC" Name="systembram_wrapper_methodology_drc_opted.rpt"/>
  <File Type="INIT-TIMING" Name="systembram_wrapper_timing_summary_init.rpt"/>
  <File Type="ROUTE-PWR" Name="systembram_wrapper_power_routed.rpt"/>
  <File Type="PA-TCL" Name="systembram_wrapper.tcl"/>
  <File Type="OPT-TIMING" Name="systembram_wrapper_timing_summary_opted.rpt"/>
  <File Type="OPT-DCP" Name="systembram_wrapper_opt.dcp"/>
  <File Type="ROUTE-PWR-SUM" Name="systembram_wrapper_power_summary_routed.pb"/>
  <File Type="REPORTS-TCL" Name="systembram_wrapper_reports.tcl"/>
  <File Type="OPT-DRC" Name="systembram_wrapper_drc_opted.rpt"/>
  <File Type="OPT-HWDEF" Name="systembram_wrapper.hwdef"/>
  <File Type="PWROPT-DCP" Name="systembram_wrapper_pwropt.dcp"/>
  <File Type="PWROPT-DRC" Name="systembram_wrapper_drc_pwropted.rpt"/>
  <File Type="PWROPT-TIMING" Name="systembram_wrapper_timing_summary_pwropted.rpt"/>
  <File Type="PLACE-DCP" Name="systembram_wrapper_placed.dcp"/>
  <File Type="PLACE-IO" Name="systembram_wrapper_io_placed.rpt"/>
  <File Type="PLACE-CLK" Name="systembram_wrapper_clock_utilization_placed.rpt"/>
  <File Type="PLACE-UTIL" Name="systembram_wrapper_utilization_placed.rpt"/>
  <File Type="PLACE-UTIL-PB" Name="systembram_wrapper_utilization_placed.pb"/>
  <File Type="PLACE-CTRL" Name="systembram_wrapper_control_sets_placed.rpt"/>
  <File Type="PLACE-SIMILARITY" Name="systembram_wrapper_incremental_reuse_placed.rpt"/>
  <File Type="PLACE-PRE-SIMILARITY" Name="systembram_wrapper_incremental_reuse_pre_placed.rpt"/>
  <File Type="PLACE-TIMING" Name="systembram_wrapper_timing_summary_placed.rpt"/>
  <File Type="POSTPLACE-PWROPT-DCP" Name="systembram_wrapper_postplace_pwropt.dcp"/>
  <File Type="BG-BIN" Name="systembram_wrapper.bin"/>
  <File Type="POSTPLACE-PWROPT-TIMING" Name="systembram_wrapper_timing_summary_postplace_pwropted.rpt"/>
  <File Type="PHYSOPT-DCP" Name="systembram_wrapper_physopt.dcp"/>
  <File Type="PHYSOPT-DRC" Name="systembram_wrapper_drc_physopted.rpt"/>
  <File Type="BITSTR-MSK" Name="systembram_wrapper.msk"/>
  <File Type="PHYSOPT-TIMING" Name="systembram_wrapper_timing_summary_physopted.rpt"/>
  <File Type="ROUTE-ERROR-DCP" Name="systembram_wrapper_routed_error.dcp"/>
  <File Type="ROUTE-DCP" Name="systembram_wrapper_routed.dcp"/>
  <File Type="ROUTE-BLACKBOX-DCP" Name="systembram_wrapper_routed_bb.dcp"/>
  <File Type="ROUTE-DRC" Name="systembram_wrapper_drc_routed.rpt"/>
  <File Type="ROUTE-DRC-PB" Name="systembram_wrapper_drc_routed.pb"/>
  <File Type="ROUTE-DRC-RPX" Name="systembram_wrapper_drc_routed.rpx"/>
  <File Type="BITSTR-MMI" Name="systembram_wrapper.mmi"/>
  <File Type="ROUTE-METHODOLOGY-DRC" Name="systembram_wrapper_methodology_drc_routed.rpt"/>
  <File Type="ROUTE-METHODOLOGY-DRC-RPX" Name="systembram_wrapper_methodology_drc_routed.rpx"/>
  <File Type="ROUTE-METHODOLOGY-DRC-PB" Name="systembram_wrapper_methodology_drc_routed.pb"/>
  <File Type="ROUTE-PWR-RPX" Name="systembram_wrapper_power_routed.rpx"/>
  <File Type="ROUTE-STATUS" Name="systembram_wrapper_route_status.rpt"/>
  <File Type="ROUTE-STATUS-PB" Name="systembram_wrapper_route_status.pb"/>
  <File Type="ROUTE-TIMINGSUMMARY" Name="systembram_wrapper_timing_summary_routed.rpt"/>
  <File Type="ROUTE-TIMING-PB" Name="systembram_wrapper_timing_summary_routed.pb"/>
  <File Type="ROUTE-TIMING-RPX" Name="systembram_wrapper_timing_summary_routed.rpx"/>
  <File Type="ROUTE-SIMILARITY" Name="systembram_wrapper_incremental_reuse_routed.rpt"/>
  <File Type="ROUTE-CLK" Name="systembram_wrapper_clock_utilization_routed.rpt"/>
  <File Type="ROUTE-BUS-SKEW" Name="systembram_wrapper_bus_skew_routed.rpt"/>
  <File Type="ROUTE-BUS-SKEW-PB" Name="systembram_wrapper_bus_skew_routed.pb"/>
  <File Type="ROUTE-BUS-SKEW-RPX" Name="systembram_wrapper_bus_skew_routed.rpx"/>
  <File Type="POSTROUTE-PHYSOPT-DCP" Name="systembram_wrapper_postroute_physopt.dcp"/>
  <File Type="POSTROUTE-PHYSOPT-BLACKBOX-DCP" Name="systembram_wrapper_postroute_physopt_bb.dcp"/>
  <File Type="POSTROUTE-PHYSOPT-TIMING" Name="systembram_wrapper_timing_summary_postroute_physopted.rpt"/>
  <File Type="POSTROUTE-PHYSOPT-TIMING-PB" Name="systembram_wrapper_timing_summary_postroute_physopted.pb"/>
  <File Type="POSTROUTE-PHYSOPT-TIMING-RPX" Name="systembram_wrapper_timing_summary_postroute_physopted.rpx"/>
  <File Type="POSTROUTE-PHYSOPT-BUS-SKEW" Name="systembram_wrapper_bus_skew_postroute_physopted.rpt"/>
  <File Type="POSTROUTE-PHYSOPT-BUS-SKEW-PB" Name="systembram_wrapper_bus_skew_postroute_physopted.pb"/>
  <File Type="BG-BIT" Name="systembram_wrapper.bit"/>
  <File Type="POSTROUTE-PHYSOPT-BUS-SKEW-RPX" Name="systembram_wrapper_bus_skew_postroute_physopted.rpx"/>
  <File Type="BITSTR-RBT" Name="systembram_wrapper.rbt"/>
  <File Type="BITSTR-NKY" Name="systembram_wrapper.nky"/>
  <File Type="PDI-FILE" Name="systembram_wrapper.pdi"/>
  <File Type="RCFI_FILE" Name="systembram_wrapper.rcfi"/>
  <File Type="CFI_FILE" Name="systembram_wrapper.cfi"/>
  <File Type="RNPI_FILE" Name="systembram_wrapper.rnpi"/>
  <File Type="NPI_FILE" Name="systembram_wrapper.npi"/>
  <File Type="RBD_FILE" Name="systembram_wrapper.rbd"/>
  <File Type="BITSTR-LTX" Name="debug_nets.ltx"/>
  <File Type="BITSTR-LTX" Name="systembram_wrapper.ltx"/>
  <File Type="BITSTR-SYSDEF" Name="systembram_wrapper.sysdef"/>
  <File Type="BG-BGN" Name="systembram_wrapper.bgn"/>
  <File Type="BG-DRC" Name="systembram_wrapper.drc"/>
  <File Type="RDI-RDI" Name="systembram_wrapper.vdi"/>
  <File Type="WBT-USG" Name="usage_statistics_webtalk.html"/>
  <FileSet Name="sources" Type="DesignSrcs" RelSrcDir="$PSRCDIR/sources_1" RelGenDir="$PGENDIR/sources_1">
    <Filter Type="Srcs"/>
    <File Path="D:/ps_pl_bram/ps_pl_bram.srcs/sources_1/bd/systembram/systembram.bd">
      <FileInfo>
        <Attr Name="UsedIn" Val="synthesis"/>
        <Attr Name="UsedIn" Val="implementation"/>
        <Attr Name="UsedIn" Val="simulation"/>
      </FileInfo>
    </File>
    <File Path="D:/ps_pl_bram/ps_pl_bram.gen/sources_1/bd/systembram/hdl/systembram_wrapper.v">
      <FileInfo>
        <Attr Name="UsedIn" Val="synthesis"/>
        <Attr Name="UsedIn" Val="implementation"/>
        <Attr Name="UsedIn" Val="simulation"/>
      </FileInfo>
    </File>
    <Config>
      <Option Name="DesignMode" Val="RTL"/>
      <Option Name="TopModule" Val="systembram_wrapper"/>
      <Option Name="TopAutoSet" Val="TRUE"/>
    </Config>
  </FileSet>
  <FileSet Name="constrs_in" Type="Constrs" RelSrcDir="$PSRCDIR/constrs_1">
    <Filter Type="Constrs"/>
    <File Path="D:/ps_pl_bram/ps_pl_bram.srcs/constrs_1/new/bram.xdc">
      <FileInfo>
        <Attr Name="UsedIn" Val="synthesis"/>
        <Attr Name="UsedIn" Val="implementation"/>
      </FileInfo>
    </File>
    <Config>
      <Option Name="TargetConstrsFile" Val="D:/ps_pl_bram/ps_pl_bram.srcs/constrs_1/new/bram.xdc"/>
      <Option Name="ConstrsType" Val="XDC"/>
    </Config>
  </FileSet>
  <FileSet Name="utils" Type="Utils" RelSrcDir="$PSRCDIR/utils_1">
    <Filter Type="Utils"/>
    <Config>
      <Option Name="TopAutoSet" Val="TRUE"/>
    </Config>
  </FileSet>
  <Strategy Version="1" Minor="2">
    <StratHandle Name="Vivado Implementation Defaults" Flow="Vivado Implementation 2020"/>
    <Step Id="init_design"/>
    <Step Id="opt_design"/>
    <Step Id="power_opt_design"/>
    <Step Id="place_design"/>
    <Step Id="post_place_power_opt_design"/>
    <Step Id="phys_opt_design"/>
    <Step Id="route_design"/>
    <Step Id="post_route_phys_opt_design"/>
    <Step Id="write_bitstream"/>
  </Strategy>
  <BlockFileSet Type="BlockSrcs" Name="systembram_rst_ps7_0_50M_1"/>
  <BlockFileSet Type="BlockSrcs" Name="systembram_processing_system7_0_0"/>
  <BlockFileSet Type="BlockSrcs" Name="systembram_axi_bram_ctrl_0_0"/>
  <BlockFileSet Type="BlockSrcs" Name="systembram_blk_mem_gen_0_0"/>
  <BlockFileSet Type="BlockSrcs" Name="systembram_pl_bram_rd_0_0"/>
</GenRun>
