<?xml version="1.0" encoding="UTF-8"?>
<GenRun Id="systembram_processing_system7_0_0_synth_1" LaunchPart="xc7z010clg400-1" LaunchTime="1761909472">
  <File Type="PA-TCL" Name="systembram_processing_system7_0_0.tcl"/>
  <File Type="RDS-PROPCONSTRS" Name="systembram_processing_system7_0_0_drc_synth.rpt"/>
  <File Type="REPORTS-TCL" Name="systembram_processing_system7_0_0_reports.tcl"/>
  <File Type="RDS-RDS" Name="systembram_processing_system7_0_0.vds"/>
  <File Type="RDS-UTIL" Name="systembram_processing_system7_0_0_utilization_synth.rpt"/>
  <File Type="RDS-UTIL-PB" Name="systembram_processing_system7_0_0_utilization_synth.pb"/>
  <File Type="RDS-DCP" Name="systembram_processing_system7_0_0.dcp"/>
  <File Type="VDS-TIMINGSUMMARY" Name="systembram_processing_system7_0_0_timing_summary_synth.rpt"/>
  <File Type="VDS-TIMING-PB" Name="systembram_processing_system7_0_0_timing_summary_synth.pb"/>
  <FileSet Name="sources" Type="BlockSrcs" RelSrcDir="$PSRCDIR/systembram_processing_system7_0_0">
    <File Path="D:/ps_pl_bram/ps_pl_bram.srcs/sources_1/bd/systembram/ip/systembram_processing_system7_0_0/systembram_processing_system7_0_0.xci">
      <FileInfo>
        <Attr Name="Library" Val="xil_defaultlib"/>
        <Attr Name="UsedIn" Val="synthesis"/>
        <Attr Name="UsedIn" Val="implementation"/>
        <Attr Name="UsedIn" Val="simulation"/>
      </FileInfo>
    </File>
    <Config>
      <Option Name="TopModule" Val="systembram_processing_system7_0_0"/>
      <Option Name="UseBlackboxStub" Val="1"/>
    </Config>
  </FileSet>
  <FileSet Name="constrs_in" Type="BlockSrcs" RelSrcDir="$PSRCDIR/systembram_processing_system7_0_0">
    <File Path="D:/ps_pl_bram/ps_pl_bram.srcs/sources_1/bd/systembram/ip/systembram_processing_system7_0_0/systembram_processing_system7_0_0.xci">
      <FileInfo>
        <Attr Name="Library" Val="xil_defaultlib"/>
        <Attr Name="UsedIn" Val="synthesis"/>
        <Attr Name="UsedIn" Val="implementation"/>
        <Attr Name="UsedIn" Val="simulation"/>
      </FileInfo>
    </File>
    <Config>
      <Option Name="TopModule" Val="systembram_processing_system7_0_0"/>
      <Option Name="UseBlackboxStub" Val="1"/>
    </Config>
  </FileSet>
  <FileSet Name="utils" Type="Utils" RelSrcDir="$PSRCDIR/utils_1">
    <Filter Type="Utils"/>
    <Config>
      <Option Name="TopAutoSet" Val="TRUE"/>
    </Config>
  </FileSet>
  <Strategy Version="1" Minor="2">
    <StratHandle Name="Vivado Synthesis Defaults" Flow="Vivado Synthesis 2020"/>
    <Step Id="synth_design"/>
  </Strategy>
</GenRun>
