<?xml version="1.0" encoding="UTF-8"?>
<GenRun Id="synth_1" LaunchPart="xc7z010clg400-1" LaunchTime="1761911934">
  <File Type="PA-TCL" Name="systembram_wrapper.tcl"/>
  <File Type="RDS-PROPCONSTRS" Name="systembram_wrapper_drc_synth.rpt"/>
  <File Type="REPORTS-TCL" Name="systembram_wrapper_reports.tcl"/>
  <File Type="RDS-RDS" Name="systembram_wrapper.vds"/>
  <File Type="RDS-UTIL" Name="systembram_wrapper_utilization_synth.rpt"/>
  <File Type="RDS-UTIL-PB" Name="systembram_wrapper_utilization_synth.pb"/>
  <File Type="RDS-DCP" Name="systembram_wrapper.dcp"/>
  <File Type="VDS-TIMINGSUMMARY" Name="systembram_wrapper_timing_summary_synth.rpt"/>
  <File Type="VDS-TIMING-PB" Name="systembram_wrapper_timing_summary_synth.pb"/>
  <FileSet Name="sources" Type="DesignSrcs" RelSrcDir="$PSRCDIR/sources_1" RelGenDir="$PGENDIR/sources_1">
    <Filter Type="Srcs"/>
    <File Path="D:/ps_pl_bram/ps_pl_bram.srcs/sources_1/bd/systembram/systembram.bd">
      <FileInfo>
        <Attr Name="UsedIn" Val="synthesis"/>
        <Attr Name="UsedIn" Val="implementation"/>
        <Attr Name="UsedIn" Val="simulation"/>
      </FileInfo>
    </File>
    <File Path="D:/ps_pl_bram/ps_pl_bram.gen/sources_1/bd/systembram/hdl/systembram_wrapper.v">
      <FileInfo>
        <Attr Name="UsedIn" Val="synthesis"/>
        <Attr Name="UsedIn" Val="implementation"/>
        <Attr Name="UsedIn" Val="simulation"/>
      </FileInfo>
    </File>
    <Config>
      <Option Name="DesignMode" Val="RTL"/>
      <Option Name="TopModule" Val="systembram_wrapper"/>
      <Option Name="TopAutoSet" Val="TRUE"/>
    </Config>
  </FileSet>
  <FileSet Name="constrs_in" Type="Constrs" RelSrcDir="$PSRCDIR/constrs_1">
    <Filter Type="Constrs"/>
    <File Path="D:/ps_pl_bram/ps_pl_bram.srcs/constrs_1/new/bram.xdc">
      <FileInfo>
        <Attr Name="UsedIn" Val="synthesis"/>
        <Attr Name="UsedIn" Val="implementation"/>
      </FileInfo>
    </File>
    <Config>
      <Option Name="TargetConstrsFile" Val="D:/ps_pl_bram/ps_pl_bram.srcs/constrs_1/new/bram.xdc"/>
      <Option Name="ConstrsType" Val="XDC"/>
    </Config>
  </FileSet>
  <FileSet Name="utils" Type="Utils" RelSrcDir="$PSRCDIR/utils_1">
    <Filter Type="Utils"/>
    <Config>
      <Option Name="TopAutoSet" Val="TRUE"/>
    </Config>
  </FileSet>
  <Strategy Version="1" Minor="2">
    <StratHandle Name="Vivado Synthesis Defaults" Flow="Vivado Synthesis 2020"/>
    <Step Id="synth_design"/>
  </Strategy>
  <BlockFileSet Type="BlockSrcs" Name="systembram_rst_ps7_0_50M_1"/>
  <BlockFileSet Type="BlockSrcs" Name="systembram_processing_system7_0_0"/>
  <BlockFileSet Type="BlockSrcs" Name="systembram_axi_bram_ctrl_0_0"/>
  <BlockFileSet Type="BlockSrcs" Name="systembram_blk_mem_gen_0_0"/>
  <BlockFileSet Type="BlockSrcs" Name="systembram_pl_bram_rd_0_0"/>
</GenRun>
