<?xml version="1.0"?>
<Runs Version="1" Minor="0">
	<Run Id="systembram_processing_system7_0_0_synth_1" LaunchDir="E:/ps_pl_bram/ps_pl_bram.runs/systembram_processing_system7_0_0_synth_1" FlowId="Vivado_Synthesis" FromStepId="vivado" ToStepId="vivado"/>
	<Run Id="systembram_axi_bram_ctrl_0_0_synth_1" LaunchDir="E:/ps_pl_bram/ps_pl_bram.runs/systembram_axi_bram_ctrl_0_0_synth_1" FlowId="Vivado_Synthesis" FromStepId="vivado" ToStepId="vivado"/>
	<Run Id="systembram_blk_mem_gen_0_0_synth_1" LaunchDir="E:/ps_pl_bram/ps_pl_bram.runs/systembram_blk_mem_gen_0_0_synth_1" FlowId="Vivado_Synthesis" FromStepId="vivado" ToStepId="vivado"/>
	<Run Id="systembram_rst_ps7_0_50M_1_synth_1" LaunchDir="E:/ps_pl_bram/ps_pl_bram.runs/systembram_rst_ps7_0_50M_1_synth_1" FlowId="Vivado_Synthesis" FromStepId="vivado" ToStepId="vivado"/>
	<Run Id="systembram_pl_bram_rd_0_0_synth_1" LaunchDir="E:/ps_pl_bram/ps_pl_bram.runs/systembram_pl_bram_rd_0_0_synth_1" FlowId="Vivado_Synthesis" FromStepId="vivado" ToStepId="vivado"/>
	<Parameters>
		<Parameter Name="runs.monitorLSFJobs" Val="true" Type="bool"/>
		<Parameter Name="runs.enableClusterConf" Val="true" Type="bool"/>
	</Parameters>
</Runs>

